id;assigned_date;created_by;created_date;last_modified_by;last_modified_date
1;2025-05-16T08:38:36;aboard front;2025-05-15T23:06:40;pish the woot;2025-05-16T01:52:51
2;2025-05-15T15:02:41;rightfully;2025-05-16T02:46:00;loaf;2025-05-16T08:32:01
3;2025-05-15T11:40:27;ouch emergent graduate;2025-05-15T11:31:01;huzzah;2025-05-16T09:23:34
4;2025-05-15T09:58:50;yum;2025-05-15T21:24:04;tributary lively excess;2025-05-15T22:43:46
5;2025-05-15T19:51:09;able;2025-05-16T06:25:10;enthusiastically unwieldy;2025-05-15T17:23:54
6;2025-05-15T22:23:03;recovery incidentally;2025-05-16T07:22:50;pillory;2025-05-16T00:40:02
7;2025-05-16T07:33:53;times;2025-05-15T14:19:01;during unless;2025-05-15T19:13:36
8;2025-05-15T10:36:20;ugh unless;2025-05-15T20:01:53;supposing reassuringly;2025-05-15T12:19:39
9;2025-05-16T02:59:00;utterly amid barring;2025-05-15T16:03:27;loudly aha;2025-05-15T14:18:50
10;2025-05-16T00:12:46;if smooth oof;2025-05-15T20:27:42;whose inventory tenderly;2025-05-15T17:50:59
