id;first_name;last_name;phone;fax;tax_id;registration_article;statistical_id;rc;created_by;created_date;last_modified_by;last_modified_date
1;Ofelia;Gulgowski;(584) 505-4779 x9669;strong;toady;dereference er;help throbbing sheepishly;tomb;closely around;2025-05-16T06:07:46;who enraged suddenly;2025-05-15T23:36:55
2;Taurean;Bartoletti;(825) 573-1216 x4008;oof wherever boo;as without putrid;now browse;cork fashion ugh;amid yuck;bah outside well-made;2025-05-15T22:30:55;aha queasily save;2025-05-16T00:28:42
3;Kevon;Bahringer;1-962-837-9384 x854;verve;digitize;lest rough;event psst regarding;citizen eventually;partial;2025-05-15T17:08:20;and;2025-05-15T18:23:24
4;Jessica;Schinner;(647) 699-2385 x125;department ugh gee;implode density;now;drat pfft typewriter;shakily;so incline;2025-05-16T06:45:24;director phooey ouch;2025-05-16T04:54:42
5;Ellis;Conn;1-482-869-7139 x60253;whether helplessly;but despite;soon lamp;alarmed;hunt brr;hutch;2025-05-16T06:21:22;atop lest so;2025-05-15T22:16:27
6;Tristin;Schaden;1-963-437-3026;worth gah impostor;per;powerfully phooey tenderly;regular;wonderfully until;scar including understanding;2025-05-16T09:04:06;cruelty seemingly;2025-05-15T21:39:51
7;Brenna;Hahn;678-317-3751 x713;incinerate ornery fiddle;for bind innocent;trash the how;though hole;dearly forenenst qua;aha legging;2025-05-16T02:30:10;hamburger obnoxiously;2025-05-15T13:05:55
8;Cecilia;Ankunding;673.663.9349 x3359;tapioca hence yum;although;excluding;apologise serialize obligation;with despite shinny;despite sweatshop completion;2025-05-15T18:21:50;how vaguely;2025-05-15T20:36:37
9;Dayana;Gleason;(832) 591-6822 x04719;aboard;cleverly aha frugal;baseboard;passport;tenement furthermore accredit;shaft pish shakily;2025-05-16T07:12:26;but jaunty whenever;2025-05-15T12:34:33
10;Mylene;Greenholt;(912) 541-4212;lack;disadvantage over that;granular;beyond mutate misappropriate;dramatize woot french;because up;2025-05-15T13:58:06;if of happily;2025-05-16T03:33:13
