id;created_by;created_date;last_modified_by;last_modified_date;login;first_name;last_name;email;image_url;activated;lang_key
1;incidentally tomatillo remark;2025-05-15T11:56:17;critical however till;2025-05-15T12:23:03;"2EN@-\pm1WR4e";Myrtie;Glover;Marcelino98@hotmail.com;curiously handful regularly;false;patiently 
2;fruitful uselessly meh;2025-05-15T09:45:44;atop reasoning;2025-05-15T15:32:24;"F";Kailey;Hoeger;Jeramy_OKeefe76@yahoo.com;hairy second-hand;true;phooey
3;fooey except;2025-05-15T17:39:27;uh-huh guide;2025-05-15T20:37:25;"S";Felipe;Cruickshank;Kendrick.Stehr59@gmail.com;unconscious;true;righteousl
4;boohoo till;2025-05-15T20:31:53;yum;2025-05-15T19:45:45;"ou2kzu";Alycia;Tillman;Monty56@yahoo.com;unlucky furthermore option;false;within boo
5;wherever;2025-05-15T22:52:51;supposing after aboard;2025-05-15T11:43:02;"_lUbnM";Randal;Brown;Citlalli48@yahoo.com;that unto yet;true;truthfully
6;failing;2025-05-15T14:13:46;unaccountably seldom;2025-05-15T18:57:47;"7j2@55PF";Jaeden;West;Vicenta87@gmail.com;genuine woot beneath;true;airman pla
7;traffic eek gleefully;2025-05-15T21:58:26;demob;2025-05-15T17:53:59;"co2Y";Joanne;O'Kon;Cedrick.Schuster73@hotmail.com;shadowbox;true;intermix p
8;times;2025-05-16T04:40:58;solution limply mixture;2025-05-15T16:12:14;"q@wX2x\gI\Gv";Marvin;Koelpin;Shanna.Luettgen@hotmail.com;cop;false;pleased on
9;versus tusk;2025-05-15T22:42:40;bitter amused;2025-05-16T03:58:47;"+o@BG";Walton;Harvey;Eldora84@yahoo.com;optimistically meanwhile bobble;false;times
10;foolishly;2025-05-16T09:17:12;seriously powerless;2025-05-15T16:05:13;"7biMXc";Dean;Senger;Kirk6@yahoo.com;pro although;true;because
