id;online_payment_enabled;ccp;rip;rib;iban;created_by;created_date;last_modified_by;last_modified_date
1;false;sugary;eulogise buck;notwithstanding flint;BH80EDYP6J90399183U12R;hence;2025-05-16T02:10:17;concerning because poorly;2025-05-15T15:23:50
2;true;once militate;though whenever colonialism;whenever;AE363810048087815386486;around analogy however;2025-05-15T20:13:38;sad consequently;2025-05-16T03:42:24
3;false;pleasure monstrous;zowie;mmm amazing;GR4102400702V534088O52K1615;even;2025-05-15T19:09:50;beneath;2025-05-15T11:23:07
4;true;hence pro;relieve suspension;likable;PS55FJHF006500904310509000224;resort where instead;2025-05-15T19:55:49;yum although;2025-05-15T22:34:23
5;false;as;around ham across;with provided;ES6339011010480031250028;daily milestone overwork;2025-05-15T10:49:56;sheepishly emergent replicate;2025-05-16T03:17:24
6;false;or so meh;self-assured till;colour ew where;BG85GIBD008006360R0610;mushy cuddly;2025-05-16T03:05:59;modulo;2025-05-16T01:51:44
7;false;dividend along gloat;and rectangular adumbrate;underneath preregister worth;GI20AEDK9W3532JA5USE592;adolescent;2025-05-16T01:09:57;cheese;2025-05-15T15:24:12
8;false;another yummy whenever;publicity instead;than even;TL906650070040080073423;than contractor;2025-05-16T02:49:57;pointless;2025-05-15T17:00:29
9;true;sleepy blah fiercely;blah proselytise;exalted inasmuch why;GI98PEAH46506QG22463201;meh hospitalization violently;2025-05-15T18:28:27;yum flashy biodegradable;2025-05-15T13:06:12
10;true;wherever;bran which genuine;platypus;GB08TFWS13057872600150;hyena permafrost;2025-05-16T07:16:35;triumphantly;2025-05-15T22:45:52
