id;name;created_by;created_date;last_modified_by;last_modified_date
1;dreary cornet;besides what scholarship;2025-05-16T00:46:08;machine;2025-05-16T09:03:09
2;thin quit;nightlife;2025-05-16T00:26:11;radiant;2025-05-15T22:12:20
3;huzzah gadzooks er;if quintessential;2025-05-15T23:25:54;filter out fiercely;2025-05-15T11:34:51
4;apud;before woot;2025-05-15T19:42:53;antelope mobilize peppery;2025-05-15T16:33:25
5;excitedly;instead huzzah;2025-05-15T23:24:35;metabolise weatherize;2025-05-15T20:35:31
6;where;mentor within;2025-05-15T15:50:10;mmm whoever soap;2025-05-15T16:44:15
7;ah idolized;step sway woot;2025-05-15T11:27:39;impure waver twist;2025-05-15T14:56:57
8;onto huzzah;scarcely bitterly darling;2025-05-16T08:49:11;clone kiddingly boohoo;2025-05-15T19:36:25
9;beyond whirlwind smog;on against;2025-05-15T15:50:42;adrenalin aha;2025-05-15T14:21:00
10;that;but out once;2025-05-15T21:41:43;punctually for general;2025-05-15T19:04:05
