id;created_by;created_date;last_modified_by;last_modified_date
1;aching;2025-05-15T13:52:48;from meh whether;2025-05-15T18:00:49
2;sedately gosh meh;2025-05-15T18:04:21;whenever;2025-05-15T15:47:48
3;put midst intervention;2025-05-15T17:44:39;along atop gladly;2025-05-15T09:31:43
4;circular properly;2025-05-15T14:16:12;atop muddy likewise;2025-05-16T01:44:46
5;deform kindly;2025-05-15T21:09:20;ha concentration;2025-05-15T13:55:56
6;defenseless blah;2025-05-15T23:30:29;far hoof;2025-05-16T06:54:41
7;forenenst incidentally;2025-05-15T17:05:25;whoa huzzah;2025-05-15T22:31:11
8;eyebrow;2025-05-15T17:45:18;about red;2025-05-15T19:05:52
9;huzzah haversack likely;2025-05-15T18:15:52;upon faint worth;2025-05-15T19:08:07
10;disapprove;2025-05-16T07:12:22;vice cop;2025-05-15T22:03:00
